[
  {
    "name": "Max",
    "hobbies": ["Sports", "Cooking"],
    "age": 29,
    "examScores": [
      { "difficulty": 4, "score": 57.9 },
      { "difficulty": 6, "score": 62.1 },
      { "difficulty": 3, "score": 88.5 }
    ]
  },
  {
    "name": "Manu",
    "hobbies": ["Eating", "Data Analytics"],
    "age": 30,
    "examScores": [
      { "difficulty": 7, "score": 52.1 },
      { "difficulty": 2, "score": 74.3 },
      { "difficulty": 5, "score": 53.1 }
    ]
  },
  {
    "name": "Maria",
    "hobbies": ["Cooking", "Skiing"],
    "age": 29,
    "examScores": [
      { "difficulty": 3, "score": 75.1 },
      { "difficulty": 8, "score": 44.2 },
      { "difficulty": 6, "score": 61.5 }
    ]
  }
]
